{
	"info": {
		"_postman_id": "30ac4dc1-3b47-47c2-89df-34acf70eeeaa",
		"name": "ejem-1",
		"schema": "https://schema.getpostman.com/json/collection/v2.1.0/collection.json"
	},
	"item": [
		{
			"name": "Product",
			"item": [
				{
					"name": "/api/products",
					"request": {
						"method": "GET",
						"header": [],
						"url": {
							"raw": "{{ENDPOINT}}/api/products",
							"host": [
								"{{ENDPOINT}}"
							],
							"path": [
								"api",
								"products"
							]
						}
					},
					"response": []
				},
				{
					"name": "/api/products",
					"request": {
						"method": "POST",
						"header": [],
						"body": {
							"mode": "raw",
							"raw": "{\n    \"name\": \"BICICLETA DE MONTAÑA ROCKRIDER ST 100 ALUMINIO 27,5\",\n    \"description\": \"Esta BTT de 27,5 ha sido concebida para tus primeras travesías en BTT de hasta 1 h 30 min, con tiempo seco Talla XS en 26\",\n    \"price\": 239.99\n}",
							"options": {
								"raw": {
									"language": "json"
								}
							}
						},
						"url": {
							"raw": "{{ENDPOINT}}/api/products",
							"host": [
								"{{ENDPOINT}}"
							],
							"path": [
								"api",
								"products"
							]
						}
					},
					"response": []
				},
				{
					"name": "/api/products/:id",
					"request": {
						"method": "GET",
						"header": [],
						"url": {
							"raw": "{{ENDPOINT}}/api/products/PRODUCT_ID",
							"host": [
								"{{ENDPOINT}}"
							],
							"path": [
								"api",
								"products",
								"PRODUCT_ID"
							]
						}
					},
					"response": []
				},
				{
					"name": "/api/products/:id",
					"request": {
						"method": "DELETE",
						"header": [],
						"url": {
							"raw": "{{ENDPOINT}}/api/products/PRODUCT_ID",
							"host": [
								"{{ENDPOINT}}"
							],
							"path": [
								"api",
								"products",
								"PRODUCT_ID"
							]
						}
					},
					"response": []
				}
			]
		},
		{
			"name": "ShoppingCart",
			"item": [
				{
					"name": "/api/shoppingcarts",
					"request": {
						"method": "POST",
						"header": [],
						"url": {
							"raw": "{{ENDPOINT}}/api/shoppingcarts",
							"host": [
								"{{ENDPOINT}}"
							],
							"path": [
								"api",
								"shoppingcarts"
							]
						}
					},
					"response": []
				},
				{
					"name": "/api/shoppingcarts/:id",
					"request": {
						"method": "PATCH",
						"header": [],
						"body": {
							"mode": "raw",
							"raw": "{\n    \"status\": \"COMPLETED\"\n}",
							"options": {
								"raw": {
									"language": "json"
								}
							}
						},
						"url": {
							"raw": "{{ENDPOINT}}/api/shoppingcarts/SHOPPINGCART_ID",
							"host": [
								"{{ENDPOINT}}"
							],
							"path": [
								"api",
								"shoppingcarts",
								"SHOPPINGCART_ID"
							]
						}
					},
					"response": []
				},
				{
					"name": "/api/shoppingcarts/:id",
					"request": {
						"method": "GET",
						"header": [],
						"url": {
							"raw": "{{ENDPOINT}}/api/shoppingcarts/SHOPPINGCART_ID",
							"host": [
								"{{ENDPOINT}}"
							],
							"path": [
								"api",
								"shoppingcarts",
								"SHOPPINGCART_ID"
							]
						}
					},
					"response": []
				},
				{
					"name": "/api/shoppingcarts/:id",
					"request": {
						"method": "DELETE",
						"header": [],
						"url": {
							"raw": "{{ENDPOINT}}/api/shoppingcarts/SHOPPINGCART_ID",
							"host": [
								"{{ENDPOINT}}"
							],
							"path": [
								"api",
								"shoppingcarts",
								"SHOPPINGCART_ID"
							]
						}
					},
					"response": []
				},
				{
					"name": "/api/shoppingcarts/:cart_id/product/:prod_id/quantity/:prod_quantity",
					"request": {
						"method": "POST",
						"header": [],
						"url": {
							"raw": "{{ENDPOINT}}/api/shoppingcarts/SHOPPINGCART_ID/product/PRODUCT_ID/quantity/PRODUCT_QUANTITY",
							"host": [
								"{{ENDPOINT}}"
							],
							"path": [
								"api",
								"shoppingcarts",
								"SHOPPINGCART_ID",
								"product",
								"PRODUCT_ID",
								"quantity",
								"PRODUCT_QUANTITY"
							]
						}
					},
					"response": []
				},
				{
					"name": "/api/shoppingcarts/SHOPPINGCART_ID/product/PRODUCT_ID",
					"request": {
						"method": "DELETE",
						"header": [],
						"url": {
							"raw": "{{ENDPOINT}}/api/shoppingcarts/SHOPPINGCART_ID/product/PRODUCT_ID",
							"host": [
								"{{ENDPOINT}}"
							],
							"path": [
								"api",
								"shoppingcarts",
								"SHOPPINGCART_ID",
								"product",
								"PRODUCT_ID"
							]
						}
					},
					"response": []
				}
			]
		}
	],
	"event": [
		{
			"listen": "prerequest",
			"script": {
				"type": "text/javascript",
				"exec": [
					""
				]
			}
		},
		{
			"listen": "test",
			"script": {
				"type": "text/javascript",
				"exec": [
					""
				]
			}
		}
	],
	"variable": [
		{
			"key": "ENDPOINT",
			"value": "http://localhost:8080"
		}
	]
}